batch,trial,started_at_unix_ms,absent_probe,t_total_us,build_us,head_wire_us,sync_wire_us,answer_wire_us,setup_wire_us,finish_us,residual_us,rewind_us,decode_us,delta_apply_us,scan_us,server_compute_ns,server_handler_ns,query_bytes,response_bytes,response_content_length,setup_bytes,at_block,pinned_block,stale_blocks,delta_cells,found,provider_match,provider_hex_match,provider_error,provider_rtt_us,client_rss_bytes,attempts,error
0,0,1788396407881,0,687040,35520,2124,0,632211,0,16416,769,0,16405,2,3,612926504,613182844,435083,434387,434387,0,25893197,25893197,0,0,1,1,1,,31599,1121783808,1,
0,1,1788396409101,0,682264,35347,2643,0,628775,0,14851,648,0,14841,2,3,609965751,610206361,435083,434387,434387,0,25893197,25893197,0,0,1,1,1,,23803,,1,
0,2,1788396410309,0,680423,34824,2598,0,627926,0,14824,251,0,14815,1,3,609173479,609404909,435083,434387,434387,0,25893197,25893197,0,0,1,1,1,,30593,,1,
0,3,1788396411520,0,681486,34765,2638,0,628700,0,14805,578,0,14796,1,3,609969840,610208160,435083,434387,434387,0,25893197,25893197,0,0,1,1,1,,22134,,1,
0,4,1788396412726,0,681600,34892,2673,0,628696,0,14851,488,0,14841,2,3,610096332,610328412,435083,434387,434387,0,25893197,25893197,0,0,1,1,1,,17487,,1,
0,5,1788396413925,0,681727,34980,2597,0,629036,0,14849,265,0,14841,1,2,609983262,610321762,435083,434387,434387,0,25893197,25893197,0,0,1,1,1,,17713,,1,
0,6,1788396415126,0,680752,34833,2662,0,628185,0,14842,230,0,14833,1,4,609457238,609763498,435083,434387,434387,0,25893197,25893197,0,0,1,1,1,,20799,,1,
0,7,1788396416330,0,681173,34912,2714,0,628473,0,14819,255,0,14809,2,4,609578792,609824482,435083,434387,434387,0,25893197,25893197,0,0,1,1,1,,28844,,1,
0,8,1788396417540,0,681498,34842,2687,0,628866,0,14833,270,0,14823,1,3,609917846,610206366,435083,434387,434387,0,25893197,25893197,0,0,1,1,1,,17429,,1,
0,9,1788396418741,1,682580,34875,2655,0,629920,0,14888,242,0,14878,2,3,611138515,611381765,435083,434387,434387,0,25893197,25893197,0,0,0,1,1,,17027,,1,
0,10,1788396419941,0,686583,39110,2593,0,629823,0,14819,238,0,14808,2,4,611271551,611517771,435083,434387,434387,0,25893197,25893197,0,0,1,1,1,,18312,1124229120,1,
0,11,1788396421148,0,681766,34708,2638,0,629356,0,14832,232,1,14823,1,3,610284637,610754357,435083,434387,434387,0,25893197,25893197,0,0,0,1,1,,34393,,1,
0,12,1788396422366,0,680989,34799,2732,0,628366,0,14858,234,0,14848,1,4,609427109,609910639,435083,434387,434387,0,25893197,25893197,0,0,1,1,1,,16781,,1,
0,13,1788396423565,0,684482,38700,2645,0,628016,0,14848,273,1,14836,1,4,609174864,609419984,435083,434387,434387,0,25893197,25893197,0,0,1,1,1,,19933,,1,
0,14,1788396424770,0,681178,34872,2572,0,628627,0,14873,234,0,14863,2,4,609732209,609982569,435083,434387,434387,0,25893197,25893197,0,0,1,1,1,,16932,,1,
0,15,1788396425970,0,682095,34911,2550,0,629389,0,14810,435,0,14801,1,3,610726352,610937772,435083,434387,434387,0,25893197,25893197,0,0,1,1,1,,14699,,1,
0,16,1788396427167,0,681307,35075,2582,0,628304,0,14823,523,0,14813,1,4,609609181,609849701,435083,434387,434387,0,25893197,25893197,0,0,1,1,1,,20652,,1,
0,17,1788396428371,0,681166,34789,2607,0,628674,0,14859,237,0,14849,2,3,609857498,610143598,435083,434387,434387,0,25893197,25893197,0,0,1,1,1,,14995,,1,
0,18,1788396429569,0,682115,34906,2614,0,629547,0,14813,235,0,14803,2,3,610668623,610899533,435083,434387,434387,0,25893197,25893197,0,0,1,1,1,,22921,,1,
0,19,1788396430774,0,681403,34921,2622,0,628829,0,14802,229,0,14792,2,3,609968121,610236271,435083,434387,434387,0,25893197,25893197,0,0,1,1,1,,16212,,1,
0,20,1788396431974,0,682049,34847,2562,0,629602,0,14811,227,0,14803,1,3,610705271,610962481,435083,434387,434387,0,25893197,25893197,0,0,1,1,1,,19097,1124466688,1,
0,21,1788396433176,0,682240,34832,2579,0,629786,0,14791,252,0,14781,2,4,610924139,611235709,435083,434387,434387,0,25893197,25893197,0,0,1,1,1,,24870,,1,
0,22,1788396434383,0,680764,34840,2581,0,628314,0,14796,233,0,14787,2,3,609574128,609798758,435083,434387,434387,0,25893197,25893197,0,0,1,1,1,,25828,,1,
0,23,1788396435590,1,681474,34862,2609,0,628963,0,14811,229,0,14802,1,4,610081582,610336632,435083,434387,434387,0,25893197,25893197,0,0,0,1,1,,19927,,1,
0,24,1788396436794,0,681801,35082,2600,0,629065,0,14825,229,0,14815,2,3,610191665,610464085,435083,434387,434387,0,25893197,25893197,0,0,1,1,1,,19929,,1,
0,25,1788396437997,0,682260,34797,2575,0,629837,0,14805,246,0,14783,2,4,609454071,609711541,435083,434387,434387,0,25893197,25893197,0,0,1,1,1,,15024,,1,
0,26,1788396439196,0,680749,34930,2575,0,628194,0,14819,231,1,14808,2,4,609534360,609794900,435083,434387,434387,0,25893197,25893197,0,0,1,1,1,,16434,,1,
0,27,1788396440395,0,680455,34909,2613,0,627841,0,14843,249,0,14833,1,3,608997358,609266198,435083,434387,434387,0,25893197,25893197,0,0,1,1,1,,15029,,1,
0,28,1788396441592,0,682158,34893,2616,0,629580,0,14826,243,0,14816,1,3,609485615,609715195,435083,434387,434387,0,25893197,25893197,0,0,1,1,1,,31461,,1,
0,29,1788396442806,0,681139,34917,2608,0,628593,0,14794,227,0,14784,2,3,609931932,610167962,435083,434387,434387,0,25893197,25893197,0,0,1,1,1,,15810,,1,
0,30,1788396444005,0,680790,34937,2527,0,628268,0,14829,229,1,14818,2,4,609535881,609763351,435083,434387,434387,0,25893197,25893197,0,0,1,1,1,,19094,1124499456,1,
0,31,1788396445206,1,681855,34977,2599,0,629218,0,14829,232,0,14820,1,3,610432750,610661900,435083,434387,434387,0,25893197,25893197,0,0,0,1,1,,18767,,1,
0,32,1788396446409,0,680154,34788,2598,0,627736,0,14804,228,0,14795,1,3,608939413,609169313,435083,434387,434387,0,25893197,25893197,0,0,0,1,1,,26312,,1,
0,33,1788396447617,0,681675,34926,2566,0,629053,0,14892,238,0,14882,2,3,610355751,610624931,435083,434387,434387,0,25893197,25893197,0,0,1,1,1,,17755,,1,
0,34,1788396448818,0,680986,34735,2643,0,628528,0,14851,229,1,14841,2,4,609713203,609940493,435083,434387,434387,0,25893197,25893197,0,0,1,1,1,,18786,,1,
0,35,1788396450018,0,680483,34888,2555,0,628014,0,14801,225,0,14790,2,3,609244042,609501452,435083,434387,434387,0,25893197,25893197,0,0,1,1,1,,20703,,1,
0,36,1788396451220,0,680660,34769,2621,0,628226,0,14809,235,0,14797,2,4,609470002,609717592,435083,434387,434387,0,25893197,25893197,0,0,1,1,1,,23083,,1,
0,37,1788396452424,0,681967,34811,2628,0,629500,0,14801,227,0,14791,2,4,609248246,609486286,435083,434387,434387,0,25893197,25893197,0,0,1,1,1,,17283,,1,
0,38,1788396453624,0,680851,35026,2607,0,628174,0,14814,230,0,14805,1,4,609514742,609740382,435083,434387,434387,0,25893197,25893197,0,0,1,1,1,,18820,,1,
0,39,1788396454826,1,682312,34838,2642,0,629752,0,14855,225,0,14845,1,4,609312662,609547202,435083,434387,434387,0,25893197,25893197,0,0,0,1,1,,24728,,1,
0,40,1788396456033,0,680157,34828,2645,0,627635,0,14817,232,0,14806,2,4,608904817,609135457,435083,434387,434387,0,25893197,25893197,0,0,1,1,1,,18368,1124499456,1,
0,41,1788396457234,0,683842,38300,2637,0,627840,0,14827,238,0,14815,2,4,609040889,609273039,435083,434387,434387,0,25893197,25893197,0,0,1,1,1,,23704,,1,
0,42,1788396458443,1,681642,34821,2571,0,629211,0,14809,230,0,14799,2,3,610375906,610618056,435083,434387,434387,0,25893197,25893197,0,0,0,1,1,,19388,,1,
0,43,1788396459644,0,679550,34874,2591,0,627022,0,14827,236,0,14817,1,3,608234079,608491139,435083,434387,434387,0,25893197,25893197,0,0,1,1,1,,24286,,1,
0,44,1788396460850,0,681718,34953,2632,0,629130,0,14773,230,1,14762,1,4,610305253,610566643,435083,434387,434387,0,25893197,25893197,0,0,1,1,1,,17897,,1,
0,45,1788396462050,0,681323,34743,2532,0,628991,0,14828,229,0,14819,1,4,610196335,610434705,435083,434387,434387,0,25893197,25893197,0,0,1,1,1,,33392,,1,
0,46,1788396463267,0,680170,34816,2642,0,627656,0,14828,228,0,14819,2,3,608775991,609019971,435083,434387,434387,0,25893197,25893197,0,0,1,1,1,,22840,,1,
0,47,1788396464470,0,681219,34834,2582,0,628738,0,14837,228,0,14816,13,3,609836495,610076765,435083,434387,434387,0,25893197,25893197,0,0,1,1,1,,18422,,1,
0,48,1788396465670,0,682679,34863,2608,0,630155,0,14826,227,0,14816,2,3,610000302,610265562,435083,434387,434387,0,25893197,25893197,0,0,1,1,1,,14980,,1,
0,49,1788396466870,0,681449,34885,2622,0,628873,0,14816,253,1,14805,2,3,610046002,610305942,435083,434387,434387,0,25893197,25893197,0,0,1,1,1,,18920,,1,
0,50,1788396468072,0,680594,34852,2552,0,628150,0,14798,242,0,14788,2,3,609304922,609562292,435083,434387,434387,0,25893197,25893197,0,0,1,1,1,,46693,1124499456,1,
0,51,1788396469301,0,681615,34827,2576,0,629127,0,14855,230,0,14845,2,4,610373193,610602853,435083,434387,434387,0,25893197,25893197,0,0,0,1,1,,18375,,1,
0,52,1788396470502,0,680708,34886,2645,0,628124,0,14826,227,0,14815,2,4,609309512,609542332,435083,434387,434387,0,25893197,25893197,0,0,1,1,1,,26742,,1,
0,53,1788396471711,0,679483,34757,2564,0,627092,0,14841,229,0,14831,1,3,608325124,608565484,435083,434387,434387,0,25893197,25893197,0,0,1,1,1,,21255,,1,
0,54,1788396472913,0,682311,34980,2596,0,629671,0,14824,240,0,14814,1,3,609563131,609797401,435083,434387,434387,0,25893197,25893197,0,0,1,1,1,,18208,,1,
0,55,1788396474114,0,681563,34806,2588,0,629148,0,14792,229,0,14782,1,3,609046432,609275222,435083,434387,434387,0,25893197,25893197,0,0,1,1,1,,35172,,1,
0,56,1788396475333,0,680867,34754,2597,0,628470,0,14816,230,0,14805,2,3,609800921,610049191,435083,434387,434387,0,25893197,25893197,0,0,1,1,1,,16922,,1,
0,57,1788396476532,1,681034,34809,2568,0,628615,0,14804,238,0,14795,1,4,609844699,610135179,435083,434387,434387,0,25893197,25893197,0,0,0,1,1,,18832,,1,
0,58,1788396477732,0,682352,34956,2741,0,629607,0,14817,231,0,14807,1,4,610833031,611086951,435083,434387,434387,0,25893197,25893197,0,0,1,1,1,,17148,,1,
0,59,1788396478934,0,681137,34786,2564,0,628776,0,14781,230,0,14772,1,3,610087594,610311244,435083,434387,434387,0,25893197,25893197,0,0,1,1,1,,24335,,1,
0,60,1788396480141,0,680904,34901,2639,0,628372,0,14764,228,0,14755,1,3,609627238,609886598,435083,434387,434387,0,25893197,25893197,0,0,1,1,1,,18001,1124499456,1,
0,61,1788396481340,0,682056,35201,2560,0,629180,0,14872,243,1,14861,1,4,610389043,610616452,435083,434387,434387,0,25893197,25893197,0,0,1,1,1,,17061,,1,
0,62,1788396482540,0,681614,34880,2668,0,629052,0,14786,228,1,14776,1,3,610268693,610496283,435083,434387,434387,0,25893197,25893197,0,0,1,1,1,,16791,,1,
0,63,1788396483739,0,681055,34828,2575,0,628488,0,14933,231,0,14923,2,4,609752506,609996816,435083,434387,434387,0,25893197,25893197,0,0,1,1,1,,22087,,1,
0,64,1788396484944,0,682606,35034,2619,0,629873,0,14854,226,0,14844,1,4,611170891,611393380,435083,434387,434387,0,25893197,25893197,0,0,1,1,1,,21110,,1,
0,65,1788396486148,0,680584,34921,2575,0,628031,0,14827,230,0,14817,1,3,609195922,609433742,435083,434387,434387,0,25893197,25893197,0,0,1,1,1,,17430,,1,
0,66,1788396487348,0,682541,34815,2626,0,630029,0,14837,234,0,14805,2,3,609684766,609921476,435083,434387,434387,0,25893197,25893197,0,0,1,1,1,,17327,,1,
0,67,1788396488550,0,680676,34772,2603,0,628225,0,14848,228,0,14840,1,3,609528182,609760782,435083,434387,434387,0,25893197,25893197,0,0,0,1,1,,19480,,1,
0,68,1788396489750,0,682202,35071,2572,0,629525,0,14805,229,0,14796,2,3,609374271,609619031,435083,434387,434387,0,25893197,25893197,0,0,0,1,1,,16031,,1,
0,69,1788396490949,0,682045,34886,2591,0,629462,0,14875,231,0,14865,1,4,610560915,610822815,435083,434387,434387,0,25893197,25893197,0,0,1,1,1,,14541,,1,
0,70,1788396492146,0,680881,34896,2594,0,628325,0,14825,241,0,14816,1,3,609540898,609797918,435083,434387,434387,0,25893197,25893197,0,0,1,1,1,,17720,1124499456,1,
0,71,1788396493347,0,681782,34784,2615,0,629325,0,14832,226,0,14822,1,4,610484272,610718042,435083,434387,434387,0,25893197,25893197,0,0,1,1,1,,21115,,1,
0,72,1788396494550,0,683048,34784,2583,0,630598,0,14845,238,0,14834,2,5,610297478,610521048,435083,434387,434387,0,25893197,25893197,0,0,1,1,1,,14941,,1,
0,73,1788396495750,0,683172,34875,2618,0,630602,0,14834,243,0,14824,1,4,611606161,611869211,435083,434387,434387,0,25893197,25893197,0,0,1,1,1,,18176,,1,
0,74,1788396496953,1,681903,34922,2571,0,629367,0,14802,241,0,14793,1,4,610548431,610782521,435083,434387,434387,0,25893197,25893197,0,0,0,1,1,,19962,,1,
0,75,1788396498155,0,681750,34911,2612,0,629155,0,14843,229,0,14833,1,4,610306059,610548499,435083,434387,434387,0,25893197,25893197,0,0,1,1,1,,20708,,1,
0,76,1788396499358,0,683545,35051,2562,0,630888,0,14811,233,0,14801,1,4,610497941,610759451,435083,434387,434387,0,25893197,25893197,0,0,1,1,1,,19214,,1,
0,77,1788396500563,0,681629,34886,2617,0,629112,0,14786,228,0,14778,1,2,610145010,610405020,435083,434387,434387,0,25893197,25893197,0,0,1,1,1,,22186,,1,
0,78,1788396501767,0,683536,34795,2620,0,631061,0,14815,245,0,14807,1,3,610531278,610762798,435083,434387,434387,0,25893197,25893197,0,0,1,1,1,,33361,,1,
0,79,1788396502986,0,682371,34762,2545,0,630013,0,14817,234,0,14808,1,3,609721007,609978647,435083,434387,434387,0,25893197,25893197,0,0,1,1,1,,15965,,1,
0,80,1788396504186,1,680861,34849,2602,0,628310,0,14873,227,0,14866,0,3,609253190,609493060,435083,434387,434387,0,25893197,25893197,0,0,0,1,1,,26781,1124499456,1,
0,81,1788396505395,0,681350,35036,2565,0,628711,0,14801,237,0,14793,0,3,609774861,610033261,435083,434387,434387,0,25893197,25893197,0,0,1,1,1,,18263,,1,
0,82,1788396506595,0,681902,34779,2587,0,629447,0,14868,221,0,14860,0,3,609094060,609329610,435083,434387,434387,0,25893197,25893197,0,0,0,1,1,,20577,,1,
0,83,1788396507798,0,683481,34901,2590,0,630929,0,14830,231,0,14820,1,3,610565932,610784692,435083,434387,434387,0,25893197,25893197,0,0,1,1,1,,19202,,1,
0,84,1788396509003,0,682160,34805,2553,0,629753,0,14799,250,0,14789,1,4,609461192,609712932,435083,434387,434387,0,25893197,25893197,0,0,1,1,1,,18290,,1,
0,85,1788396510205,0,680839,35017,2560,0,628136,0,14884,242,0,14873,1,4,609277698,609520258,435083,434387,434387,0,25893197,25893197,0,0,1,1,1,,18808,,1,
0,86,1788396511406,1,680864,34874,2582,0,628319,0,14856,233,0,14847,2,4,609434629,609705949,435083,434387,434387,0,25893197,25893197,0,0,0,1,1,,33207,,1,
0,87,1788396512620,0,680351,34782,2652,0,627840,0,14839,238,0,14828,2,4,608759881,609032931,435083,434387,434387,0,25893197,25893197,0,0,1,1,1,,18722,,1,
0,88,1788396513820,0,681314,34793,2570,0,628913,0,14788,250,0,14779,1,3,609786605,610035825,435083,434387,434387,0,25893197,25893197,0,0,1,1,1,,21384,,1,
0,89,1788396515023,0,681927,34797,2557,0,629486,0,14857,230,0,14846,2,4,610610883,610857243,435083,434387,434387,0,25893197,25893197,0,0,1,1,1,,19356,,1,
0,90,1788396516225,0,681140,34919,2633,0,628571,0,14789,228,0,14780,1,3,609910766,610136096,435083,434387,434387,0,25893197,25893197,0,0,1,1,1,,19043,1124507648,1,
0,91,1788396517426,1,691130,34900,2497,2639,635934,0,14828,332,19,14799,4,3,616294652,617360692,435083,434387,434387,0,25893198,25893197,1,1273,0,1,1,,19528,,1,
0,92,1788396518638,0,686959,34842,2611,2772,630613,0,14923,1198,116,14795,4,3,611650531,611899731,435083,434387,434387,0,25893200,25893197,3,8902,1,1,1,,23518,,1,
0,93,1788396519850,0,697918,34781,2562,5268,638795,0,15063,1449,211,14841,4,3,610833932,620088732,435083,434387,434387,0,25893202,25893197,5,18316,1,1,1,,25558,,1,
0,94,1788396521075,0,686220,35029,2523,2594,629848,0,15067,1159,280,14773,5,4,610944283,611185453,435083,434387,434387,0,25893203,25893197,6,21437,1,1,1,,39739,,1,
0,95,1788396522301,0,685324,34756,2488,2503,629577,0,15129,871,295,14821,5,3,610546982,610782462,435083,434387,434387,0,25893204,25893197,7,24363,1,1,1,,23553,,1,
0,96,1788396523512,0,685824,34890,2495,2674,629620,0,15211,934,347,14851,5,3,610686601,610946981,435083,434387,434387,0,25893207,25893197,10,29009,1,1,1,,38902,,1,
0,97,1788396524737,0,692365,34759,2558,2530,636297,0,15266,955,387,14866,4,3,614451772,615725402,435083,434387,434387,0,25893209,25893197,12,31665,1,1,1,,28482,,1,
0,98,1788396525960,0,692270,35139,8437,2706,629416,0,15225,1347,414,14797,5,4,610445602,610702172,435083,434387,434387,0,25893211,25893197,14,35288,1,1,1,,15354,,1,
0,99,1788396527168,0,686045,35124,2452,2597,629470,0,15278,1124,478,14786,6,4,610594182,610832552,435083,434387,434387,0,25893213,25893197,16,39525,1,1,1,,19830,,1,
1,100,1788401807882,0,691851,35163,2181,0,631967,0,22020,520,7188,14816,7,4,612909173,613151593,435083,434387,434387,0,25893644,25893197,447,527882,1,1,1,,26786,1142280192,1,
1,101,1788401809101,0,690140,34880,2599,0,630134,0,21988,539,7104,14869,7,4,610964443,611231882,435083,434387,434387,0,25893644,25893197,447,527882,1,1,1,,25739,,1,
1,102,1788401810319,0,691936,35101,2659,0,631502,0,22158,516,7212,14930,7,4,611032886,611288276,435083,434387,434387,0,25893644,25893197,447,527882,1,1,1,,19676,,1,
1,103,1788401811531,0,689640,34882,2631,0,629668,0,22024,435,7196,14815,6,3,610681541,610930211,435083,434387,434387,0,25893644,25893197,447,527882,1,1,1,,18623,,1,
1,104,1788401812741,0,690641,34990,2612,0,630682,0,21833,524,7006,14817,4,2,610324602,610651332,435083,434387,434387,0,25893644,25893197,447,527882,1,1,1,,26042,,1,
1,105,1788401813958,0,690310,34749,2566,0,630560,0,22031,404,7151,14868,5,3,610142389,610536769,435083,434387,434387,0,25893644,25893197,447,527882,1,1,1,,25784,,1,
1,106,1788401815176,1,689002,35071,2644,0,628805,0,21980,502,7150,14819,4,3,609768522,610060512,435083,434387,434387,0,25893644,25893197,447,527882,0,1,1,,25690,,1,
1,107,1788401816391,0,688877,34759,2656,0,629054,0,22036,372,7187,14836,6,3,610277918,610595138,435083,434387,434387,0,25893644,25893197,447,527882,1,1,1,,17889,,1,
1,108,1788401817600,0,690737,34987,2544,0,630816,0,21857,533,7024,14821,5,3,610184612,610523372,435083,434387,434387,0,25893644,25893197,447,527882,1,1,1,,23121,,1,
1,109,1788401818814,0,688780,34849,2509,0,628910,0,22101,411,7199,14886,7,4,610075880,610374130,435083,434387,434387,0,25893644,25893197,447,527882,1,1,1,,19228,,1,
1,110,1788401820024,1,688797,35130,2597,0,628630,0,21872,568,7019,14839,6,3,609810744,610057334,435083,434387,434387,0,25893644,25893197,447,527882,0,1,1,,16970,1142333440,1,
1,111,1788401821230,0,689075,34795,2568,0,629183,0,22082,447,7047,15018,8,4,610254092,610558312,435083,434387,434387,0,25893644,25893197,447,527882,1,1,1,,14846,,1,
1,112,1788401822436,0,688754,35124,2659,0,628685,0,21738,548,6880,14842,8,4,609809246,610105956,435083,434387,434387,0,25893644,25893197,447,527882,1,1,1,,32507,,1,
1,113,1788401823659,0,689816,34835,2578,0,629871,0,22082,450,7230,14838,6,4,610899342,611232972,435083,434387,434387,0,25893644,25893197,447,527882,1,1,1,,21738,,1,
1,114,1788401824871,0,688621,34955,2582,0,628576,0,21981,527,7117,14851,5,3,609694713,610061663,435083,434387,434387,0,25893644,25893197,447,527882,1,1,1,,34969,,1,
1,115,1788401826095,0,688383,34901,2575,0,628637,0,21895,375,7035,14845,8,4,609715039,610044899,435083,434387,434387,0,25893644,25893197,447,527882,1,1,1,,20705,,1,
1,116,1788401827305,1,690080,35129,2583,0,629885,0,21965,518,7121,14830,6,4,610882451,611130381,435083,434387,434387,0,25893644,25893197,447,527882,0,1,1,,20996,,1,
1,117,1788401828518,0,689304,34833,2624,0,629634,0,21800,413,6979,14804,7,4,610785370,611040580,435083,434387,434387,0,25893644,25893197,447,527882,1,1,1,,18055,,1,
1,118,1788401829727,0,690040,35102,2649,0,629871,0,21862,556,6991,14856,6,4,609524241,609828301,435083,434387,434387,0,25893644,25893197,447,527882,0,1,1,,25543,,1,
1,119,1788401830943,0,689407,34940,2598,0,629516,0,21952,401,7060,14876,7,3,610550607,610794697,435083,434387,434387,0,25893644,25893197,447,527882,1,1,1,,19163,,1,
1,120,1788401832152,0,689800,35073,2665,0,629526,0,21973,563,7064,14892,7,4,610448032,610694312,435083,434387,434387,0,25893644,25893197,447,527882,1,1,1,,23147,1142333440,1,
1,121,1788401833366,0,689531,34988,2632,0,629509,0,22002,400,7095,14891,8,4,610688721,610940851,435083,434387,434387,0,25893644,25893197,447,527882,1,1,1,,18478,,1,
1,122,1788401834576,0,689563,35043,2548,0,629374,0,22060,538,7170,14874,7,4,610271452,610586052,435083,434387,434387,0,25893644,25893197,447,527882,1,1,1,,24103,,1,
1,123,1788401835791,0,688360,34951,2598,0,628349,0,22081,381,7195,14870,8,4,609652813,609897773,435083,434387,434387,0,25893644,25893197,447,527882,1,1,1,,22597,,1,
1,124,1788401837004,0,688935,34969,2529,0,628977,0,21884,576,7003,14864,8,4,609826154,610128654,435083,434387,434387,0,25893644,25893197,447,527882,1,1,1,,30304,,1,
1,125,1788401838223,0,688461,34810,2629,0,628772,0,21831,419,6943,14873,7,3,609900174,610178164,435083,434387,434387,0,25893644,25893197,447,527882,1,1,1,,17245,,1,
1,126,1788401839431,1,689309,35031,2649,0,629012,0,22061,556,7201,14846,7,4,610098212,610370882,435083,434387,434387,0,25893644,25893197,447,527882,0,1,1,,22475,,1,
1,127,1788401840643,0,689674,34836,2612,0,629835,0,22003,388,7143,14844,7,4,610820504,611076144,435083,434387,434387,0,25893644,25893197,447,527882,1,1,1,,21305,,1,
1,128,1788401841856,0,689557,35027,2623,0,629160,0,22216,531,7339,14859,8,4,610218743,610508713,435083,434387,434387,0,25893644,25893197,447,527882,1,1,1,,19510,,1,
1,129,1788401843066,0,689655,34861,2579,0,629448,0,22347,420,7476,14854,8,4,609199801,609526731,435083,434387,434387,0,25893644,25893197,447,527882,1,1,1,,20014,,1,
1,130,1788401844277,0,689512,35023,2591,0,629167,0,22204,527,7352,14836,7,4,610198983,610494803,435083,434387,434387,0,25893644,25893197,447,527882,1,1,1,,16656,1142333440,1,
1,131,1788401845485,0,691297,35030,2566,0,631323,0,21979,399,7075,14888,7,4,610994577,611243657,435083,434387,434387,0,25893644,25893197,447,527882,1,1,1,,22613,,1,
1,132,1788401846699,0,688816,34983,2598,0,628642,0,22077,516,7195,14865,8,3,609767876,610044767,435083,434387,434387,0,25893644,25893197,447,527882,1,1,1,,16450,,1,
1,133,1788401847905,0,688862,34902,2593,0,629033,0,21957,377,7108,14834,7,3,610274423,610517813,435083,434387,434387,0,25893644,25893197,447,527882,1,1,1,,22187,,1,
1,134,1788401849118,0,688641,35087,2649,0,628358,0,22023,524,7154,14854,6,4,609636901,609879981,435083,434387,434387,0,25893644,25893197,447,527882,1,1,1,,21960,,1,
1,135,1788401850329,0,689092,35055,2575,0,628969,0,22113,380,7245,14852,7,4,610111780,610376610,435083,434387,434387,0,25893644,25893197,447,527882,1,1,1,,34406,,1,
1,136,1788401851553,0,689431,35197,2583,0,629014,0,22090,547,7250,14824,7,4,610217889,610478479,435083,434387,434387,0,25893644,25893197,447,527882,1,1,1,,23753,,1,
1,137,1788401852767,0,688684,34744,2576,0,629000,0,21983,381,7143,14825,7,3,610016774,610269244,435083,434387,434387,0,25893644,25893197,447,527882,1,1,1,,23218,,1,
1,138,1788401853981,0,689524,35145,2613,0,629182,0,22073,511,7226,14833,6,3,610273189,610606249,435083,434387,434387,0,25893644,25893197,447,527882,1,1,1,,17876,,1,
1,139,1788401855190,0,689954,34874,2598,0,630001,0,22044,437,7209,14818,8,5,611337578,611584178,435083,434387,434387,0,25893644,25893197,447,527882,1,1,1,,23557,,1,
1,140,1788401856405,1,688489,35087,2629,0,628275,0,21966,532,7060,14891,7,4,609370042,609624712,435083,434387,434387,0,25893644,25893197,447,527882,0,1,1,,15916,1142333440,1,
1,141,1788401857610,0,688426,34813,2574,0,628698,0,21904,437,7016,14871,8,4,609926512,610181432,435083,434387,434387,0,25893644,25893197,447,527882,1,1,1,,14407,,1,
1,142,1788401858815,0,689295,35000,2616,0,629077,0,22074,528,7217,14840,7,4,610169331,610403652,435083,434387,434387,0,25893644,25893197,447,527882,1,1,1,,20072,,1,
1,143,1788401860026,0,688972,34933,2638,0,628970,0,22034,397,7158,14862,6,4,610098330,610342990,435083,434387,434387,0,25893644,25893197,447,527882,1,1,1,,19979,,1,
1,144,1788401861235,0,687811,35226,2628,0,627442,0,22000,515,7121,14864,6,3,608702725,608954265,435083,434387,434387,0,25893644,25893197,447,527882,1,1,1,,20353,,1,
1,145,1788401862444,1,688449,34891,2719,0,628401,0,22028,410,7178,14838,5,4,609735376,609979536,435083,434387,434387,0,25893644,25893197,447,527882,0,1,1,,21725,,1,
1,146,1788401863656,1,688937,35068,2601,0,628729,0,22022,517,7144,14863,7,3,609943004,610201134,435083,434387,434387,0,25893644,25893197,447,527882,0,1,1,,17778,,1,
1,147,1788401864863,0,687701,34749,2576,0,627947,0,22040,389,7160,14864,7,3,609264201,609539311,435083,434387,434387,0,25893644,25893197,447,527882,1,1,1,,18037,,1,
1,148,1788401866071,0,689224,35074,2607,0,629021,0,21988,534,7124,14847,7,4,610161351,610397261,435083,434387,434387,0,25893644,25893197,447,527882,1,1,1,,15767,,1,
1,149,1788401867276,0,688747,34952,2548,0,628965,0,21899,383,7050,14833,7,4,610002094,610247954,435083,434387,434387,0,25893644,25893197,447,527882,1,1,1,,19862,,1,
1,150,1788401868485,0,688257,35095,2627,0,628112,0,21890,533,7034,14840,7,4,609341769,609634529,435083,434387,434387,0,25893644,25893197,447,527882,1,1,1,,25180,1142366208,1,
1,151,1788401869701,0,688487,34910,2603,0,628645,0,21941,388,7109,14815,7,4,609914624,610198284,435083,434387,434387,0,25893644,25893197,447,527882,1,1,1,,17394,,1,
1,152,1788401870907,0,688995,34981,2565,0,628991,0,21943,515,7097,14830,7,4,610085925,610341095,435083,434387,434387,0,25893644,25893197,447,527882,1,1,1,,16979,,1,
1,153,1788401872115,0,688294,34918,2605,0,628394,0,21978,399,7088,14863,8,14,609613970,609902910,435083,434387,434387,0,25893644,25893197,447,527882,1,1,1,,16446,,1,
1,154,1788401873320,0,689395,35235,2566,0,628997,0,22066,531,7130,14918,8,5,608593681,608858241,435083,434387,434387,0,25893644,25893197,447,527882,1,1,1,,17466,,1,
1,155,1788401874529,0,689821,34910,2610,0,629969,0,21887,445,7020,14851,7,4,610975772,611323492,435083,434387,434387,0,25893644,25893197,447,527882,1,1,1,,25173,,1,
1,156,1788401875744,0,689611,35008,2658,0,629525,0,21877,543,7040,14823,6,3,610153611,610461131,435083,434387,434387,0,25893644,25893197,447,527882,1,1,1,,18109,,1,
1,157,1788401876954,0,688422,34788,2584,0,628839,0,21834,377,7004,14813,7,4,609743662,609989552,435083,434387,434387,0,25893644,25893197,447,527882,1,1,1,,16998,,1,
1,158,1788401878161,0,688783,34956,2614,0,628817,0,21881,515,7008,14856,9,4,609773878,610048078,435083,434387,434387,0,25893644,25893197,447,527882,1,1,1,,14856,,1,
1,159,1788401879365,0,688355,34857,2583,0,628539,0,21967,409,7110,14841,7,4,609744472,610007342,435083,434387,434387,0,25893644,25893197,447,527882,1,1,1,,17610,,1,
1,160,1788401880573,0,690175,35284,2589,0,629806,0,21984,512,7152,14816,6,4,609617992,609873002,435083,434387,434387,0,25893644,25893197,447,527882,1,1,1,,18817,1142366208,1,
1,161,1788401881782,0,688057,34957,2551,0,628194,0,21953,402,7082,14855,8,4,609487222,609743432,435083,434387,434387,0,25893644,25893197,447,527882,1,1,1,,25252,,1,
1,162,1788401882996,0,689393,35233,2566,0,629119,0,21945,530,7064,14864,8,4,610465669,610710549,435083,434387,434387,0,25893644,25893197,447,527882,1,1,1,,30821,,1,
1,163,1788401884217,0,689453,34900,2615,0,629630,0,21927,381,7078,14832,8,4,610650412,610911552,435083,434387,434387,0,25893644,25893197,447,527882,1,1,1,,16541,,1,
1,164,1788401885425,0,689536,35335,2606,0,629063,0,22003,529,7091,14895,7,4,610071434,610351164,435083,434387,434387,0,25893644,25893197,447,527882,1,1,1,,24132,,1,
1,165,1788401886639,0,688739,34787,2576,0,628979,0,22015,382,7159,14841,7,4,610241209,610533549,435083,434387,434387,0,25893644,25893197,447,527882,1,1,1,,16940,,1,
1,166,1788401887847,0,690480,35188,2587,0,630121,0,22064,520,7155,14893,7,3,611143752,611396492,435083,434387,434387,0,25893644,25893197,447,527882,1,1,1,,14482,,1,
1,167,1788401889052,0,688863,34837,2543,0,629063,0,22036,384,7212,14809,6,4,609977744,610232805,435083,434387,434387,0,25893644,25893197,447,527882,1,1,1,,17991,,1,
1,168,1788401890261,0,689995,35025,2606,0,629997,0,21840,527,7031,14792,7,4,609608107,609910037,435083,434387,434387,0,25893644,25893197,447,527882,1,1,1,,35885,,1,
1,169,1788401891487,0,690176,35077,2646,0,630034,0,22034,385,7150,14870,6,3,609941276,610200656,435083,434387,434387,0,25893644,25893197,447,527882,1,1,1,,17206,,1,
1,170,1788401892695,1,693031,35136,2556,2415,629779,0,21964,1181,7092,14856,7,4,611141677,611414327,435083,434387,434387,0,25893645,25893197,448,528572,0,1,1,,15861,1142579200,1,
1,171,1788401893906,0,707951,34865,2452,5184,642040,0,21823,1587,6924,14883,7,5,614231832,623395672,435083,434387,434387,0,25893647,25893197,450,530891,1,1,1,,15901,,1,
1,172,1788401895130,0,694227,35001,2470,2797,630076,0,22056,1827,7172,14869,6,4,611287812,611540802,435083,434387,434387,0,25893650,25893197,453,532329,1,1,1,,22731,,1,
1,173,1788401896349,0,695113,34782,2485,5037,629031,0,22108,1670,7197,14895,8,4,610393502,610654502,435083,434387,434387,0,25893653,25893197,456,534796,1,1,1,,16507,,1,
1,174,1788401897561,0,693901,34994,2473,2696,630686,0,21866,1186,6992,14858,7,4,611885191,612137281,435083,434387,434387,0,25893654,25893197,457,535899,1,1,1,,25291,,1,
1,175,1788401898781,0,694004,34771,2463,2697,630385,0,22142,1546,7259,14867,7,3,611441822,611718452,435083,434387,434387,0,25893655,25893197,458,539320,1,1,1,,17092,,1,
1,176,1788401899994,0,695295,34920,2589,2689,631003,0,22293,1801,7405,14871,7,4,612117311,612380631,435083,434387,434387,0,25893657,25893197,460,541424,1,1,1,,20646,,1,
1,177,1788401901211,0,692808,34883,2500,2583,629314,0,22288,1240,7372,14900,7,4,610262842,610514471,435083,434387,434387,0,25893659,25893197,462,542977,1,1,1,,19784,,1,
1,178,1788401902425,0,698003,35119,2479,5149,631117,0,22305,1834,7382,14908,6,4,610662812,610953672,435083,434387,434387,0,25893661,25893197,464,547038,1,1,1,,21050,,1,
1,179,1788401903645,0,696344,34873,2487,2377,633139,0,22525,943,7599,14910,7,4,614663962,614916492,435083,434387,434387,0,25893662,25893197,465,547887,1,1,1,,27902,,1,
1,180,1788401904869,0,696946,34795,2563,2728,632815,0,22512,1533,7595,14901,8,4,613800642,614067022,435083,434387,434387,0,25893664,25893197,467,549303,1,1,1,,23702,1141731328,1,
1,181,1788401906092,0,693092,34948,2591,2362,629339,0,22444,1408,7543,14887,6,4,609958452,610200522,435083,434387,434387,0,25893665,25893197,468,550311,1,1,1,,18133,,1,
1,182,1788401907303,0,690603,34871,2554,0,630290,0,22357,531,7491,14850,7,4,611428041,611680061,435083,434387,434387,0,25893665,25893197,468,550311,1,1,1,,14448,,1,
1,183,1788401908509,0,697188,34687,2475,2609,633591,0,22482,1344,7591,14874,8,5,613809878,615022578,435083,434387,434387,0,25893667,25893197,470,551439,1,1,1,,22594,,1,
1,184,1788401909731,0,694435,34949,2560,2689,630527,0,22495,1215,7602,14878,6,4,611760362,612019642,435083,434387,434387,0,25893669,25893197,472,552942,1,1,1,,16338,,1,
1,185,1788401910942,0,697918,34927,2558,2758,633777,0,22510,1388,7629,14865,7,4,614874042,615182102,435083,434387,434387,0,25893671,25893197,474,556289,1,1,1,,22304,,1,
1,186,1788401912164,0,693292,34837,2588,2736,629197,0,22439,1495,7553,14870,7,4,610309199,610569679,435083,434387,434387,0,25893673,25893197,476,557798,1,1,1,,20189,,1,
1,187,1788401913378,0,694207,34879,2496,2427,630403,0,22516,1486,7622,14880,6,3,610197551,610433791,435083,434387,434387,0,25893674,25893197,477,558390,1,1,1,,15558,,1,
1,188,1788401914590,0,695560,35063,2525,2642,631251,0,22483,1596,7630,14837,7,4,612156800,612418950,435083,434387,434387,0,25893676,25893197,479,559855,1,1,1,,16845,,1,
1,189,1788401915804,1,688849,34804,2619,0,628488,0,22384,554,7574,14796,7,3,609408410,609682910,435083,434387,434387,0,25893676,25893197,479,559855,0,1,1,,15515,,1,
1,190,1788401917010,0,688737,35060,2527,0,628011,0,22577,562,7676,14883,8,4,608932523,609205303,435083,434387,434387,0,25893676,25893197,479,559855,1,1,1,,16495,1143021568,1,
1,191,1788401918217,0,689235,35143,2656,0,628507,0,22540,389,7661,14863,7,4,609580439,609836019,435083,434387,434387,0,25893676,25893197,479,559855,1,1,1,,18039,,1,
1,192,1788401919425,0,690052,35132,2597,0,629108,0,22655,560,7762,14876,7,4,610056424,610320494,435083,434387,434387,0,25893676,25893197,479,559855,1,1,1,,19651,,1,
1,193,1788401920636,0,690169,34946,2663,0,629601,0,22578,381,7711,14852,7,4,610562611,610820871,435083,434387,434387,0,25893676,25893197,479,559855,1,1,1,,16862,,1,
1,194,1788401921845,0,690292,35003,2585,0,629565,0,22604,535,7713,14878,5,3,610678847,610926997,435083,434387,434387,0,25893676,25893197,479,559855,1,1,1,,22947,,1,
1,195,1788401923058,0,689824,34871,2554,0,629471,0,22538,390,7722,14805,5,3,610363632,610623952,435083,434387,434387,0,25893676,25893197,479,559855,1,1,1,,18519,,1,
1,196,1788401924267,0,688881,34925,2572,0,628324,0,22530,530,7694,14823,5,2,609326945,609611765,435083,434387,434387,0,25893676,25893197,479,559855,1,1,1,,17402,,1,
1,197,1788401925474,1,688494,34995,2601,0,627958,0,22554,386,7620,14922,4,3,609165464,609418724,435083,434387,434387,0,25893676,25893197,479,559855,0,1,1,,18647,,1,
1,198,1788401926682,0,688474,35115,2569,0,627679,0,22562,549,7675,14874,5,3,608763982,609025922,435083,434387,434387,0,25893676,25893197,479,559855,1,1,1,,21450,,1,
1,199,1788401927894,0,688132,34938,2642,0,627773,0,22384,395,7552,14820,5,2,609069191,609332681,435083,434387,434387,0,25893676,25893197,479,559855,1,1,1,,16253,,1,
2,200,1788407207881,0,696323,35233,2182,0,628549,0,29786,573,14861,14908,8,4,609424540,609672540,435083,434387,434387,0,25894092,25893197,895,990428,1,1,1,,20828,1157677056,1,
2,201,1788407209099,0,696897,35001,2605,0,628834,0,29890,567,14976,14897,8,4,607892478,608129488,435083,434387,434387,0,25894092,25893197,895,990428,1,1,1,,14623,,1,
2,202,1788407210311,0,695105,35198,2617,0,626780,0,29956,554,14994,14944,8,4,607782334,608090084,435083,434387,434387,0,25894092,25893197,895,990428,1,1,1,,10673,,1,
2,203,1788407211519,0,695346,34830,2589,0,627627,0,29915,385,14981,14918,8,4,608906990,609129050,435083,434387,434387,0,25894092,25893197,895,990428,1,1,1,,11426,,1,
2,204,1788407212726,0,698008,35090,2639,0,629295,0,30064,920,15129,14918,7,4,608745754,608974584,435083,434387,434387,0,25894092,25893197,895,990428,1,1,1,,13669,,1,
2,205,1788407213938,0,695520,34967,2590,0,627195,0,30094,674,15155,14920,8,4,608241030,608489030,435083,434387,434387,0,25894092,25893197,895,990428,1,1,1,,10746,,1,
2,206,1788407215145,0,695836,35191,2633,0,627544,0,29905,563,15027,14863,7,4,608633133,608881093,435083,434387,434387,0,25894092,25893197,895,990428,1,1,1,,11848,,1,
2,207,1788407216355,0,694306,34800,2602,0,626628,0,29891,385,14992,14884,7,4,607829634,608060774,435083,434387,434387,0,25894092,25893197,895,990428,1,1,1,,10480,,1,
2,208,1788407217560,0,695678,35109,2638,0,627534,0,29864,533,14932,14916,7,4,608662999,608873889,435083,434387,434387,0,25894092,25893197,895,990428,1,1,1,,9702,,1,
2,209,1788407218766,0,696475,34773,2609,0,628846,0,29836,411,14880,14941,7,4,610032469,610250719,435083,434387,434387,0,25894092,25893197,895,990428,1,1,1,,14532,,1,
2,210,1788407219979,0,696840,35298,2653,0,628437,0,29925,527,14995,14913,8,4,609382890,609625460,435083,434387,434387,0,25894092,25893197,895,990428,1,1,1,,11994,1157697536,1,
2,211,1788407221188,0,695582,35117,2592,0,627628,0,29851,394,14881,14954,7,4,608765209,608991449,435083,434387,434387,0,25894092,25893197,895,990428,1,1,1,,11222,,1,
2,212,1788407222397,0,696496,35144,2612,0,628296,0,29910,534,15032,14862,7,4,607980511,608201611,435083,434387,434387,0,25894092,25893197,895,990428,1,1,1,,12078,,1,
2,213,1788407223606,1,694267,34968,2578,0,626456,0,29883,382,14997,14873,6,3,607660877,607883057,435083,434387,434387,0,25894092,25893197,895,990428,0,1,1,,12268,,1,
2,214,1788407224813,0,695246,35113,2606,0,626950,0,30048,529,15080,14943,6,14,607948890,608291180,435083,434387,434387,0,25894092,25893197,895,990428,1,1,1,,11751,,1,
2,215,1788407226022,0,694714,34818,2663,0,627070,0,29760,403,14838,14908,6,3,607905764,608127694,435083,434387,434387,0,25894092,25893197,895,990428,1,1,1,,11012,,1,
2,216,1788407227228,0,695156,35225,2588,0,626948,0,29809,586,14854,14938,8,4,608001156,608238986,435083,434387,434387,0,25894092,25893197,895,990428,1,1,1,,11298,,1,
2,217,1788407228435,0,694126,34931,2614,0,626496,0,29649,436,14783,14845,7,8,607501581,607739491,435083,434387,434387,0,25894092,25893197,895,990428,1,1,1,,11112,,1,
2,218,1788407229641,1,695064,35070,2714,0,627039,0,29666,575,14746,14907,5,3,608081254,608346114,435083,434387,434387,0,25894092,25893197,895,990428,0,1,1,,16331,,1,
2,219,1788407230853,0,695281,34729,2675,0,627639,0,29854,384,14933,14908,6,3,608893491,609132111,435083,434387,434387,0,25894092,25893197,895,990428,1,1,1,,16791,,1,
2,220,1788407232066,0,694491,35134,2526,0,626487,0,29820,524,14918,14890,5,3,607754651,607989941,435083,434387,434387,0,25894092,25893197,895,990428,1,1,1,,13831,1157697536,1,
2,221,1788407233275,0,694118,34828,2611,0,626382,0,29919,378,15035,14871,6,3,607610262,607851412,435083,434387,434387,0,25894092,25893197,895,990428,1,1,1,,11797,,1,
2,222,1788407234483,0,695373,35175,2640,0,627287,0,29751,520,14856,14882,5,3,608339874,608709314,435083,434387,434387,0,25894092,25893197,895,990428,1,1,1,,10920,,1,
2,223,1788407235691,0,695696,34946,2584,0,627941,0,29845,380,14972,14859,6,3,608958330,609225380,435083,434387,434387,0,25894092,25893197,895,990428,1,1,1,,14417,,1,
2,224,1788407236901,0,694954,35226,2584,0,626702,0,29875,567,14997,14860,8,4,607774424,608014214,435083,434387,434387,0,25894092,25893197,895,990428,1,1,1,,12072,,1,
2,225,1788407238109,0,694434,34936,2591,0,626679,0,29799,429,14902,14882,7,3,607809796,608036336,435083,434387,434387,0,25894092,25893197,895,990428,1,1,1,,10699,,1,
2,226,1788407239316,0,695025,35282,2586,0,626768,0,29836,553,14904,14916,7,4,607741374,607949584,435083,434387,434387,0,25894092,25893197,895,990428,1,1,1,,10028,,1,
2,227,1788407240523,0,695028,35239,2719,0,626857,0,29823,390,14933,14878,5,3,607711734,607955114,435083,434387,434387,0,25894092,25893197,895,990428,1,1,1,,12522,,1,
2,228,1788407241732,0,696553,35103,2666,0,628425,0,29777,582,14910,14854,5,3,608068121,608296541,435083,434387,434387,0,25894092,25893197,895,990428,1,1,1,,11812,,1,
2,229,1788407242942,0,694208,34831,2679,0,626533,0,29768,397,14935,14821,5,3,607564554,607785284,435083,434387,434387,0,25894092,25893197,895,990428,1,1,1,,13351,,1,
2,230,1788407244151,0,696178,35253,2600,0,627949,0,29806,570,14896,14896,6,3,607490342,607714392,435083,434387,434387,0,25894092,25893197,895,990428,1,1,1,,16464,1157697536,1,
2,231,1788407245364,0,694612,34962,2601,0,626771,0,29878,400,14939,14922,8,4,607742134,608024634,435083,434387,434387,0,25894092,25893197,895,990428,1,1,1,,12914,,1,
2,232,1788407246573,0,695698,35227,2641,0,627366,0,29896,568,15000,14881,7,4,608335554,608570104,435083,434387,434387,0,25894092,25893197,895,990428,1,1,1,,10504,,1,
2,233,1788407247779,0,695318,34972,2672,0,627364,0,29935,375,14994,14925,6,4,608352494,608560154,435083,434387,434387,0,25894092,25893197,895,990428,1,1,1,,15871,,1,
2,234,1788407248991,0,694444,35128,2629,0,626266,0,29856,565,14994,14848,6,3,607210417,607430977,435083,434387,434387,0,25894092,25893197,895,990428,1,1,1,,12099,,1,
2,235,1788407250198,0,696769,34837,2614,0,629235,0,29688,395,14835,14841,5,3,608702090,608916190,435083,434387,434387,0,25894092,25893197,895,990428,1,1,1,,12915,,1,
2,236,1788407251410,0,694966,34995,2606,0,627088,0,29730,547,14830,14887,6,2,608312224,608522554,435083,434387,434387,0,25894092,25893197,895,990428,1,1,1,,14234,,1,
2,237,1788407252621,0,695702,34821,2590,0,627926,0,29977,388,15016,14945,6,5,607657788,607883658,435083,434387,434387,0,25894092,25893197,895,990428,1,1,1,,10457,,1,
2,238,1788407253827,0,694314,35137,2570,0,626113,0,29975,519,15032,14925,8,5,607274101,607504131,435083,434387,434387,0,25894092,25893197,895,990428,1,1,1,,12985,,1,
2,239,1788407255035,0,694594,34966,2540,0,626746,0,29960,382,15022,14921,8,4,607987113,608212103,435083,434387,434387,0,25894092,25893197,895,990428,1,1,1,,9632,,1,
2,240,1788407256240,1,695124,35097,2631,0,626916,0,29945,535,15065,14864,6,4,608065094,608288714,435083,434387,434387,0,25894092,25893197,895,990428,0,1,1,,10922,1157697536,1,
2,241,1788407257447,0,695251,35037,2548,0,627213,0,30064,389,15159,14889,7,4,608239854,608451744,435083,434387,434387,0,25894092,25893197,895,990428,1,1,1,,13012,,1,
2,242,1788407258657,0,694054,35165,2617,0,625974,0,29779,519,14891,14875,6,3,607000480,607232800,435083,434387,434387,0,25894092,25893197,895,990428,1,1,1,,13467,,1,
2,243,1788407259865,0,694521,34875,2640,0,626570,0,30006,430,15059,14929,9,4,607527414,607763374,435083,434387,434387,0,25894092,25893197,895,990428,1,1,1,,11392,,1,
2,244,1788407261073,0,695709,35186,2618,0,627593,0,29778,534,14884,14878,7,3,608567939,608795849,435083,434387,434387,0,25894092,25893197,895,990428,1,1,1,,10475,,1,
2,245,1788407262281,0,695134,34933,2693,0,627329,0,29791,388,14905,14869,7,5,608328494,608533854,435083,434387,434387,0,25894092,25893197,895,990428,1,1,1,,15066,,1,
2,246,1788407263491,0,695657,35093,2524,0,627641,0,29875,524,14960,14900,6,4,608687579,608915419,435083,434387,434387,0,25894092,25893197,895,990428,1,1,1,,11355,,1,
2,247,1788407264699,0,695325,34930,2508,0,627629,0,29875,383,14959,14900,7,4,608676714,608899614,435083,434387,434387,0,25894092,25893197,895,990428,1,1,1,,11479,,1,
2,248,1788407265907,0,694717,35073,2517,0,626597,0,30010,520,15115,14879,7,4,607590309,607814719,435083,434387,434387,0,25894092,25893197,895,990428,1,1,1,,10597,,1,
2,249,1788407267113,0,693495,34806,2616,0,625998,0,29699,376,14840,14849,4,3,607116194,607343744,435083,434387,434387,0,25894092,25893197,895,990428,1,1,1,,10642,,1,
2,250,1788407268317,0,694588,35149,2664,0,626389,0,29873,513,15005,14856,5,3,607267452,607499842,435083,434387,434387,0,25894092,25893197,895,990428,1,1,1,,9943,1157697536,1,
2,251,1788407269524,1,694910,35035,2509,0,626985,0,29989,392,15066,14910,6,3,608037554,608274244,435083,434387,434387,0,25894092,25893197,895,990428,0,1,1,,53471,,1,
2,252,1788407270774,0,694668,35159,2644,0,626369,0,29965,531,15051,14901,5,3,607351022,607571382,435083,434387,434387,0,25894092,25893197,895,990428,1,1,1,,15569,,1,
2,253,1788407271984,0,695161,34856,2642,0,627414,0,29868,381,14983,14873,4,3,608411023,608658103,435083,434387,434387,0,25894092,25893197,895,990428,1,1,1,,10862,,1,
2,254,1788407273191,1,694900,35266,2568,0,626696,0,29855,515,14978,14865,5,3,607550281,607773971,435083,434387,434387,0,25894092,25893197,895,990428,0,1,1,,14821,,1,
2,255,1788407274402,0,695188,35216,2668,0,627156,0,29770,378,14906,14852,5,2,608105632,608313902,435083,434387,434387,0,25894092,25893197,895,990428,1,1,1,,12001,,1,
2,256,1788407275609,0,699811,35050,2558,2448,628287,0,30153,1315,15255,14885,6,3,609104922,609360102,435083,434387,434387,0,25894093,25893197,896,990880,1,1,1,,10223,,1,
2,257,1788407276820,0,699950,34930,2493,2936,627511,0,29889,2191,15032,14845,5,2,608565752,608798492,435083,434387,434387,0,25894094,25893197,897,991446,1,1,1,,13373,,1,
2,258,1788407278034,0,701988,37432,2505,2706,628090,0,29851,1404,14912,14924,6,4,609138212,609361282,435083,434387,434387,0,25894096,25893197,899,992830,1,1,1,,10263,,1,
2,259,1788407279248,0,699625,34892,2494,2838,627868,0,29686,1847,14754,14915,8,4,608931312,609160482,435083,434387,434387,0,25894098,25893197,901,993865,1,1,1,,14236,,1,
2,260,1788407280462,0,701364,35107,2504,3004,628142,0,30130,2477,15151,14962,8,4,609189322,609393112,435083,434387,434387,0,25894100,25893197,903,996919,1,1,1,,12020,1157771264,1,
2,261,1788407281678,0,698782,34900,2597,2564,627189,0,30051,1481,15114,14922,6,3,608233700,608478170,435083,434387,434387,0,25894101,25893197,904,998220,1,1,1,,12043,,1,
2,262,1788407282889,0,697415,35184,2506,0,628839,0,30360,526,15458,14888,5,3,608526155,608735225,435083,434387,434387,0,25894101,25893197,904,998220,1,1,1,,12387,,1,
2,263,1788407284100,0,699063,34943,2523,2680,627258,0,30150,1509,15258,14879,5,3,608358549,608582179,435083,434387,434387,0,25894102,25893197,905,999538,1,1,1,,12793,,1,
2,264,1788407285312,0,701957,35081,2537,2947,628956,0,30269,2167,15371,14881,8,4,609861413,610074623,435083,434387,434387,0,25894104,25893197,907,1000942,1,1,1,,12737,,1,
2,265,1788407286527,0,698117,34953,2531,2356,626925,0,30313,1039,15453,14844,7,4,608056532,608277812,435083,434387,434387,0,25894105,25893197,908,1001252,1,1,1,,12419,,1,
2,266,1788407287740,0,700480,35072,2495,2439,629086,0,30296,1092,15415,14868,5,3,608434513,608654633,435083,434387,434387,0,25894106,25893197,909,1002019,1,1,1,,13518,,1,
2,267,1788407288954,0,697616,34801,2474,2339,626667,0,30339,996,15498,14829,5,3,607827833,608050203,435083,434387,434387,0,25894107,25893197,910,1002297,1,1,1,,13178,,1,
2,268,1788407290167,0,701771,35244,2532,3175,628124,0,30244,2452,15349,14881,6,3,608935772,609163332,435083,434387,434387,0,25894109,25893197,912,1003997,1,1,1,,12854,,1,
2,269,1788407291383,0,698781,34979,2573,2565,627183,0,30238,1243,15343,14880,6,4,608062432,608300342,435083,434387,434387,0,25894110,25893197,913,1004537,1,1,1,,12842,,1,
2,270,1788407292595,0,702048,35267,2513,2822,628988,0,30230,2228,15401,14813,7,3,609857812,610155142,435083,434387,434387,0,25894111,25893197,914,1007255,1,1,1,,13196,1158127616,1,
2,271,1788407293811,0,699706,34800,2496,2905,627654,0,30318,1533,15440,14866,5,2,608618633,608860943,435083,434387,434387,0,25894113,25893197,916,1008237,1,1,1,,11425,,1,
2,272,1788407295023,0,700382,34822,2476,3137,627755,0,30277,1915,15402,14864,4,3,608513100,608742940,435083,434387,434387,0,25894115,25893197,918,1009740,1,1,1,,10887,,1,
2,273,1788407296236,0,694237,34856,2620,0,625986,0,30344,431,15419,14910,6,3,607150400,607409240,435083,434387,434387,0,25894115,25893197,918,1009740,1,1,1,,11739,,1,
2,274,1788407297444,0,697804,34993,2623,0,629316,0,30350,522,15461,14875,6,3,608809953,609017643,435083,434387,434387,0,25894115,25893197,918,1009740,1,1,1,,10578,,1,
2,275,1788407298654,0,694774,34977,2621,0,626369,0,30443,364,15505,14921,8,4,607600242,607816562,435083,434387,434387,0,25894115,25893197,918,1009740,1,1,1,,29197,,1,
2,276,1788407299878,0,696202,35136,2490,0,627845,0,30215,516,15283,14901,21,4,608881983,609104533,435083,434387,434387,0,25894115,25893197,918,1009740,1,1,1,,24373,,1,
2,277,1788407301099,1,694807,34804,2524,0,626759,0,30347,373,15429,14902,7,4,607732187,607973127,435083,434387,434387,0,25894115,25893197,918,1009740,0,1,1,,11445,,1,
2,278,1788407302306,0,695481,35062,2608,0,626990,0,30285,536,15318,14949,8,4,607905043,608111533,435083,434387,434387,0,25894115,25893197,918,1009740,1,1,1,,11186,,1,
2,279,1788407303515,0,700183,34918,2475,3071,627346,0,30326,2047,15397,14913,8,4,608494970,608802830,435083,434387,434387,0,25894117,25893197,920,1010845,1,1,1,,10561,,1,
2,280,1788407304726,0,700765,34941,2495,2727,628229,0,30870,1503,15962,14889,9,5,609255483,609532073,435083,434387,434387,0,25894119,25893197,922,1012220,1,1,1,,12048,1157046272,1,
2,281,1788407305941,0,711390,35047,2576,2852,638620,0,30240,2055,15357,14867,7,4,611311168,612967858,435083,434387,434387,0,25894120,25893197,923,1013009,1,1,1,,14229,,1,
2,282,1788407307168,0,698603,34893,2630,2753,626367,0,30338,1622,15420,14902,8,4,607524444,607752264,435083,434387,434387,0,25894121,25893197,924,1015895,1,1,1,,12297,,1,
2,283,1788407308379,0,700738,35409,2511,2930,627030,0,30506,2352,15617,14873,7,4,608071723,608342403,435083,434387,434387,0,25894123,25893197,926,1017850,1,1,1,,20328,,1,
2,284,1788407309602,0,697956,35040,2563,2308,626286,0,30816,943,15843,14956,8,4,607611260,607834330,435083,434387,434387,0,25894124,25893197,927,1018161,1,1,1,,13922,,1,
2,285,1788407310814,0,695260,35219,2564,0,626441,0,30482,554,15580,14885,7,4,607772905,608011365,435083,434387,434387,0,25894124,25893197,927,1018161,1,1,1,,14570,,1,
2,286,1788407312026,0,697262,35011,2552,0,628730,0,30406,563,15503,14887,7,4,608456223,608675783,435083,434387,434387,0,25894124,25893197,927,1018161,1,1,1,,19942,,1,
2,287,1788407313245,0,696278,35361,2556,0,627353,0,30469,539,15554,14900,7,3,608506981,608732631,435083,434387,434387,0,25894124,25893197,927,1018161,1,1,1,,14096,,1,
2,288,1788407314457,0,696701,34968,2638,0,628396,0,30292,407,15437,14839,7,4,608156218,608388588,435083,434387,434387,0,25894124,25893197,927,1018161,1,1,1,,22669,,1,
2,289,1788407315678,0,696454,35294,2612,0,627325,0,30683,540,15811,14856,7,4,608242543,608469103,435083,434387,434387,0,25894124,25893197,927,1018161,1,1,1,,11632,,1,
2,290,1788407316888,0,702902,34933,2594,0,634432,0,30499,444,15627,14858,6,3,607836208,608075398,435083,434387,434387,0,25894124,25893197,927,1018161,1,1,1,,11477,1156829184,1,
2,291,1788407318104,0,694893,35510,2537,0,626120,0,30153,573,15270,14870,5,2,607196943,607425373,435083,434387,434387,0,25894124,25893197,927,1018161,1,1,1,,14187,,1,
2,292,1788407319314,0,696369,35229,2626,0,627839,0,30269,406,15370,14886,6,3,608995322,609216592,435083,434387,434387,0,25894124,25893197,927,1018161,1,1,1,,11401,,1,
2,293,1788407320523,0,696904,35077,2640,0,628106,0,30555,526,15625,14912,8,4,609201399,609438799,435083,434387,434387,0,25894124,25893197,927,1018161,1,1,1,,11388,,1,
2,294,1788407321733,0,695635,34971,2599,0,627157,0,30461,447,15558,14886,8,4,608432154,608667594,435083,434387,434387,0,25894124,25893197,927,1018161,1,1,1,,13956,,1,
2,295,1788407322943,0,697914,35468,2595,0,628830,0,30485,536,15535,14933,8,4,609876754,610109154,435083,434387,434387,0,25894124,25893197,927,1018161,1,1,1,,10494,,1,
2,296,1788407324152,0,695000,34858,2578,0,626694,0,30482,388,15580,14885,8,4,607789054,608032874,435083,434387,434387,0,25894124,25893197,927,1018161,1,1,1,,12090,,1,
2,297,1788407325361,0,696017,35119,2657,0,627368,0,30334,539,15416,14900,7,4,608503603,608742073,435083,434387,434387,0,25894124,25893197,927,1018161,1,1,1,,13721,,1,
2,298,1788407326571,0,696498,34859,2619,0,628077,0,30520,423,15621,14883,8,3,607788283,608011583,435083,434387,434387,0,25894124,25893197,927,1018161,1,1,1,,10589,,1,
2,299,1788407327779,0,695426,35273,2625,0,626558,0,30439,531,15523,14900,7,4,607711664,607960174,435083,434387,434387,0,25894124,25893197,927,1018161,1,1,1,,11054,,1,
